game_date,game_label,relative_hour,net_sales,transactions,customers,average_transaction_value
2025-04-24,Game 3 · Apr 24,-8,2400.75,8,7,300.09375
2025-04-24,Game 3 · Apr 24,-7,481.0,6,6,80.166667
2025-04-24,Game 3 · Apr 24,-6,1366.75,7,6,195.25
2025-04-24,Game 3 · Apr 24,-5,571.0,11,11,51.909091
2025-04-24,Game 3 · Apr 24,-4,3836.0,29,28,132.275862
2025-04-24,Game 3 · Apr 24,-3,9185.75,83,82,110.671687
2025-04-24,Game 3 · Apr 24,-2,47690.68,863,740,55.261506
2025-04-24,Game 3 · Apr 24,-1,147462.35,4015,3156,36.727858
2025-04-24,Game 3 · Apr 24,0,82002.29,2329,1888,35.209227
2025-04-24,Game 3 · Apr 24,1,95514.95,3146,2611,30.36076
2025-04-24,Game 3 · Apr 24,2,36946.0,658,588,56.148936
2025-04-24,Game 3 · Apr 24,3,6221.5,63,61,98.753968
2025-04-26,Game 4 · Apr 26,-5,172.5,2,2,86.25
2025-04-26,Game 4 · Apr 26,-4,987.75,20,19,49.3875
2025-04-26,Game 4 · Apr 26,-3,7450.0,56,56,133.035714
2025-04-26,Game 4 · Apr 26,-2,42345.24,826,696,51.265424
2025-04-26,Game 4 · Apr 26,-1,137713.63,3716,3031,37.059642
2025-04-26,Game 4 · Apr 26,0,70427.75,2167,1803,32.500115
2025-04-26,Game 4 · Apr 26,1,85715.75,2868,2421,29.886942
2025-04-26,Game 4 · Apr 26,2,20581.75,589,544,34.943548
2025-04-26,Game 4 · Apr 26,3,21817.0,199,181,109.633166
2025-04-26,Game 4 · Apr 26,4,123.75,1,1,123.75
2025-05-01,Game 6 · May 1,-8,174.26,5,5,34.852
2025-05-01,Game 6 · May 1,-7,625.25,7,7,89.321429
2025-05-01,Game 6 · May 1,-6,204.75,4,4,51.1875
2025-05-01,Game 6 · May 1,-5,894.0,8,8,111.75
2025-05-01,Game 6 · May 1,-4,1593.5,24,23,66.395833
2025-05-01,Game 6 · May 1,-3,4124.5,46,45,89.663043
2025-05-01,Game 6 · May 1,-2,25616.58,625,536,40.986528
2025-05-01,Game 6 · May 1,-1,92538.17,2861,2265,32.344694
2025-05-01,Game 6 · May 1,0,82734.52,2612,2009,31.674778
2025-05-01,Game 6 · May 1,1,86953.94,3052,2389,28.490806
2025-05-01,Game 6 · May 1,2,28733.88,368,322,78.081196
2025-05-01,Game 6 · May 1,3,10583.25,72,68,146.989583
