game_date,game_label,clock_hour,net_sales,transactions,average_transaction_value
2025-04-24,Game 3 · Apr 24,11,2400.75,8,300.09375
2025-04-24,Game 3 · Apr 24,12,481.0,6,80.166667
2025-04-24,Game 3 · Apr 24,13,1366.75,7,195.25
2025-04-24,Game 3 · Apr 24,14,571.0,11,51.909091
2025-04-24,Game 3 · Apr 24,15,3836.0,29,132.275862
2025-04-24,Game 3 · Apr 24,16,9185.75,83,110.671687
2025-04-24,Game 3 · Apr 24,17,47690.68,863,55.261506
2025-04-24,Game 3 · Apr 24,18,147462.35,4015,36.727858
2025-04-24,Game 3 · Apr 24,19,82002.29,2329,35.209227
2025-04-24,Game 3 · Apr 24,20,95514.95,3146,30.36076
2025-04-24,Game 3 · Apr 24,21,36946.0,658,56.148936
2025-04-24,Game 3 · Apr 24,22,6221.5,63,98.753968
2025-04-26,Game 4 · Apr 26,10,172.5,2,86.25
2025-04-26,Game 4 · Apr 26,11,987.75,20,49.3875
2025-04-26,Game 4 · Apr 26,12,7450.0,56,133.035714
2025-04-26,Game 4 · Apr 26,13,42345.24,826,51.265424
2025-04-26,Game 4 · Apr 26,14,137713.63,3716,37.059642
2025-04-26,Game 4 · Apr 26,15,70427.75,2167,32.500115
2025-04-26,Game 4 · Apr 26,16,85715.75,2868,29.886942
2025-04-26,Game 4 · Apr 26,17,20581.75,589,34.943548
2025-04-26,Game 4 · Apr 26,18,21817.0,199,109.633166
2025-04-26,Game 4 · Apr 26,19,123.75,1,123.75
2025-05-01,Game 6 · May 1,11,174.26,5,34.852
2025-05-01,Game 6 · May 1,12,625.25,7,89.321429
2025-05-01,Game 6 · May 1,13,204.75,4,51.1875
2025-05-01,Game 6 · May 1,14,894.0,8,111.75
2025-05-01,Game 6 · May 1,15,1593.5,24,66.395833
2025-05-01,Game 6 · May 1,16,4124.5,46,89.663043
2025-05-01,Game 6 · May 1,17,25616.58,625,40.986528
2025-05-01,Game 6 · May 1,18,92538.17,2861,32.344694
2025-05-01,Game 6 · May 1,19,82734.52,2612,31.674778
2025-05-01,Game 6 · May 1,20,86953.94,3052,28.490806
2025-05-01,Game 6 · May 1,21,28733.88,368,78.081196
2025-05-01,Game 6 · May 1,22,10583.25,72,146.989583
