store_number,store_name,store_type,location,net_sales,transactions,customers,games_active,average_transaction_value
3P101,Flagship,Retail,Plaza,180674.5,1588,1403,3,113.774874
7A019,Clips Shop West Terrace,Retail,Terrace Level,82018.0,835,736,3,98.22515
7C030,730 Pick & Roll,Concessions & Retail,Terrace Level,77855.5,2464,1920,3,31.5972
7A018,718 The Wall! Store,Concessions & Retail,Terrace Level,77751.25,2994,2182,3,25.969021
3E006,306 Clips Shop,Retail,Main Level,56337.0,482,417,3,116.881743
3F015,315 Pick & Roll,Concessions & Retail,Main Level,52768.0,1941,1397,3,27.185987
7B027,727 Pick & Roll,Concessions & Retail,Terrace Level,48897.75,1711,1309,3,28.578463
7E007,707 Pick & Roll,Concessions & Retail,Terrace Level,47655.75,1656,1212,3,28.777627
7D004,704 Pick & Roll,Concessions & Retail,Terrace Level,46939.25,1488,1114,3,31.545195
3D004,304 Pick & Roll,Concessions & Retail,Main Level,46762.25,1537,1196,3,30.424366
3F011,311 Pick & Roll,Concessions & Retail,Main Level,42388.25,1297,1012,3,32.681766
3A019,319 Pick & Roll,Concessions & Retail,Main Level,41847.0,1519,1172,3,27.549045
3E002,302 Pick & Roll,Concessions & Retail,Main Level,35692.5,1155,898,3,30.902597
3B028,328 Clips Shop,Retail,Main Level,35405.25,328,289,2,107.942835
3B031,331 Pick & Roll,Concessions,Main Level,35162.75,1159,911,3,30.33887
7A022,722 Fast Break,Concessions & Retail,Terrace Level,30740.0,1411,1071,3,21.785967
3E008,308 Fast Break,Concessions & Retail,Main Level,28570.65,1088,876,3,26.259789
3A006,319 Clips Shop,Retail,Main Level,24148.0,305,267,3,79.17377
3B032,332 Pick & Roll,Concessions & Retail,Main Level,23284.0,772,613,3,30.160622
3F013,313 Clips Stop,Retail,Main Level,21170.5,572,492,3,37.011364
7F012,712 Fast Break,Concessions & Retail,Terrace Level,18375.25,872,694,3,21.072534
3E005,305 Fast Break,Concessions & Retail,Main Level,17519.25,927,757,3,18.898867
3A022,322 Pick & Roll,Concessions & Retail,Main Level,17036.75,573,438,2,29.732548
3B026,326 Fast Break & Bar,Concessions & Retail,Main Level,16808.01,837,666,3,20.081254
3B029,329 Fast Break,Concessions & Retail,Main Level,14228.25,727,588,3,19.571183
7E011,711 Clips Stop,Retail,Terrace Level,9541.25,281,244,3,33.954626
7B024,724 Clips Stop,Retail,Terrace Level,7981.75,265,241,3,30.119811
3A023,323 Pick & Roll,Concessions & Retail,Main Level,6782.5,305,272,2,22.237705
7B127,727 Clips Shop,Retail,Terrace Level,6340.0,134,115,3,47.313433
3F115,315B Bar,Concessions,Main Level,5109.58,123,96,1,41.541301
