game_date,game_label,relative_hour,entry_events,unique_entry_ids
2025-04-24,Game 3 · Apr 24,-9,1,0
2025-04-24,Game 3 · Apr 24,-8,19,12
2025-04-24,Game 3 · Apr 24,-7,14,11
2025-04-24,Game 3 · Apr 24,-6,29,20
2025-04-24,Game 3 · Apr 24,-5,53,24
2025-04-24,Game 3 · Apr 24,-4,147,50
2025-04-24,Game 3 · Apr 24,-3,210,171
2025-04-24,Game 3 · Apr 24,-2,1508,1075
2025-04-24,Game 3 · Apr 24,-1,6341,4084
2025-04-24,Game 3 · Apr 24,0,3248,2375
2025-04-24,Game 3 · Apr 24,1,4647,3492
2025-04-24,Game 3 · Apr 24,2,1226,971
2025-04-24,Game 3 · Apr 24,3,93,85
2025-04-26,Game 4 · Apr 26,-9,3,1
2025-04-26,Game 4 · Apr 26,-6,1,1
2025-04-26,Game 4 · Apr 26,-5,6,5
2025-04-26,Game 4 · Apr 26,-4,64,41
2025-04-26,Game 4 · Apr 26,-3,181,129
2025-04-26,Game 4 · Apr 26,-2,1362,972
2025-04-26,Game 4 · Apr 26,-1,5720,3872
2025-04-26,Game 4 · Apr 26,0,2986,2175
2025-04-26,Game 4 · Apr 26,1,4410,3287
2025-04-26,Game 4 · Apr 26,2,1068,843
2025-04-26,Game 4 · Apr 26,3,358,299
2025-04-26,Game 4 · Apr 26,4,107,3
2025-04-26,Game 4 · Apr 26,5,66,2
2025-05-01,Game 6 · May 1,-9,1,1
2025-05-01,Game 6 · May 1,-8,6,5
2025-05-01,Game 6 · May 1,-7,14,11
2025-05-01,Game 6 · May 1,-6,15,15
2025-05-01,Game 6 · May 1,-5,34,18
2025-05-01,Game 6 · May 1,-4,93,48
2025-05-01,Game 6 · May 1,-3,161,109
2025-05-01,Game 6 · May 1,-2,1104,758
2025-05-01,Game 6 · May 1,-1,4581,2929
2025-05-01,Game 6 · May 1,0,3729,2577
2025-05-01,Game 6 · May 1,1,4786,3372
2025-05-01,Game 6 · May 1,2,725,543
2025-05-01,Game 6 · May 1,3,106,87
